orom gwdww redo,Ghosts exist
orom doodo,Ghost exists
orom doodo,Ghost exists
sim jikor to,Give it back
sim jikor lakv,Give it back
sim jukur to,Give it back
sim jikur lakv,Give it back
patak vm ngom jito,Give me half
patak vm ngam jito,Give me half
patak vm ngom jila kv,Give me half
patak vm ngam jila kv,Give me half
patak vm ngam jila bv ka,Give me half
patak vm ngom jila bv ka,Give me half
iskul vvi lakv,Go to school
iskul vvto,Go to school
alv nv arum,Good evening
alv nv aryum,Good evening
no lvga bv alv pa,Good for you
no lvga bv alv do,Good for you
no lvga bv alv pvkv,Good for you
ngo alak vm gakbww to,Grab my hand
ngo alak vm gakbww lakv,Grab my hand
ngo alak vm gakbww tv kv,Grab my hadn
"Takar, kamto","Grow up, Takar"
"Takar, seecha to","Grow up, Takar"
"Takar, nyilo bv rito","Grow up, Takar"
"Takar, nyilo bv seeto","Grow up, Takar"
"Takar, nyilo bv seela kv","Grow up, Takar"
"Takar, kamcha to","Grow up, Takar"
sim so jito,Hand it over
sim soka jito,Hand it over
sim alak so jito,Hand it over
sim alak soka jito,Hand it over
himpu nv istvr!,Happy Easter!
Takar aapv nv bvri?,Has Takar come?
Takar aapv nv ri?,Has Takar come?
Takar aapv ri?,Has Takar come?
Takar aapvi?,Has Takar come?
Takar vvro pvnv bvri?,Has Takar gone?
Takar vvro pvri?,Has Takar gone?
Takar vvro pvbv ri?,Has Takar gone?
Takar vvro pvnv ri?,Has Takar gone?
Takar vvro pvi?,Has Takar gone?
donvt aku dvto,Have a donut
donvt aku dvla kv,Have a donut
donvt aku dvla ka,Have a donut
donvt aku dvtv ki,Have a donut
donvt aku dvtv la,Have a donut
donvt aku naalai,Have a donut
donvt aku naato,Have a donut
donvt aku naalai kv,Have a donut
donvt aku naalai ki,Have a donut
donvt aku naatv ki,Have a donut
donvt aku naatv la,Have a donut
donvt aku laalai,Have a donut
donvt aku laato,Have a donut
donvt aku laalai kv,Have a donut
donvt aku laalai ki,Have a donut
donvt aku laatv ki,Have a donut
donvt aku laatv la,Have a donut
sim tvvto,Have a drink
sim tvvla kv,Have a drink
sim tvvla ka,Have a drink
tvvnam aku tvvto,Have a drink
tvvnam aku tvvtv ka,Have a drink
tvvnam aku tvvtv ki,Have a drink
sim twwto,Have a drink
sim twwla kv,Have a drink
sim twwla ka,Have a drink
twwnam aku twwto,Have a drink
twwnam aku twwtv ka,Have a drink
twwnam aku twwtv ki,Have a drink
sim twwbik to,Have a snack
sim twwbik lakv,Have a snack
sim twwbik tvla,Have a snack
sim tvvbik lakv,Have a snack
sim tvvbik to,Have a snack
sim tvvbik tvla,Have a snack
tvvbik naato,Have a snack
tvvbik laato,Have a snack
tvvbik lo naala kv,Have a snack
tvvbik lo naala ka,Have a snack
tvvbik naatv ke,Have a snack
tvvbik naatv ki,Have a snack
tvvbik naatv ka,Have a snack
twwbik naato,Have a snack
twwbik laato,Have a snack
twwbik lo naala kv,Have a snack
twwbik lo naala ka,Have a snack
twwbik naatv ke,Have a snack
twwbik naatv ki,Have a snack
twwbik naatv ka,Have a snack
twwbik lo laala kv,Have a snack
twwbik lo laala ka,Have a snack
twwbik laatv ke,Have a snack
twwbik laatv ki,Have a snack
twwbik laatv ka,Have a snack
tvvbik lo naala kv,Have a snack
tvvbik lo naala ka,Have a snack
tvvbik naatv ke,Have a snack
tvvbik naatv ki,Have a snack
tvvbik naatv ka,Have a snack
aku naata tvke,Have another
aku laata tvke,Have another
aku naala kv,Have another
aku naala ka,Have another
aku laala ka,Have another
aku laala kv,Have another
naata lakv,Have another
naata laka,Have another
laata lakv,Have another
laata laka,Have another
lvkuda naata tvke,Have another
lvkuda laata tvke,Have another
lvkuda naala kv,Have another
lvkuda naala ka,Have another
lvkuda laala ka,Have another
lvkuda laala kv,Have another
busu mabv kv,Have courage
busu mabv ka,Have courage
attor bv dooto,Have courage
v ngom kaapak do,He avoids me
v ngom kaai do,He avoids me
v ngam kaapak do,He avoids me
v ngam kaai do,He avoids me
v sire de,He could die
v sichin re,He could die
v vm bai-baako pa,He denied it
v vm larchik pa,He denied it
v nyubtap pa,He dozed off
v yubtap pa,He dozed off
v ngom apak pa,He dumped me
v ngom topak pa,He dumped me
v ngam apak pa,He dumped me
v ngam topak pa,He dumped me
Ngom seeda daapi gu,Four sticks for me
nyi si tagin gv boolup gvpa,This man is wearing a Tagin head gear
nyi si tagin gv boolup gvpv,This man is wearing a Tagin head gear
nyi si tagin gv bootung gvpa,This man is wearing a Tagin head gear
nyi si tagin gv bootung gvpv,This man is wearing a Tagin head gear
nyi angv si tagin gv boolup gvpa,This man is wearing a Tagin head gear
nyi angv si tagin gv boolup gvpv,This man is wearing a Tagin head gear
nyi angv si tagin gv boolup gvpa,This man is wearing a Tagin head gear
nyi angv si tagin gv bootung gvpa,This man is wearing a Tagin head gear
nyi angv si tagin gv boolung gvpv,This man is wearing a Tagin head gear
nyi si tagin gv biotom gvpa,This man is wearing a Tagin head gear
nyi si tagin gv biotom gvpv,This man is wearing a Tagin head gear
nyi si tagin gv biotom gvpa,This man is wearing a Tagin head gear
nyi angv si tagin gv biotom gvpa,This man is wearing a Tagin head gear
nyi angv si tagin gv biotom gvpv,This man is wearing a Tagin head gear
nyi angv si tagin gv biotom gvpa,This man is wearing a Tagin head gear
nyi angv si tagin gv tashi dumtw gvpv,This man is wearing a Tagin head gear
nyi angv si tagin gv tashi dumtw gvpa,This man is wearing a Tagin head gear
nyi si tagin gv tashi dumtw gvpa,This man is wearing a Tagin head gear
nyi si tagin gv tashi dumtw gvpv,This man is wearing a Tagin head gear
nyi si tagin gv boolup gvdo,This man is wearing a Tagin head gear
nyi si tagin gv bootung gvdo,This man is wearing a Tagin head gear
nyi angv si tagin gv boolup gvdo,This man is wearing a Tagin head gear
nyi angv si tagin gv bootung gvdo,This man is wearing a Tagin head gear
nyi si tagin gv biotom gvdo,This man is wearing a Tagin head gear
nyi angv si tagin gv biotom gvdo,This man is wearing a Tagin head gear
nyi angv si tagin gv tashi dumtw gvdo,This man is wearing a Tagin head gear
nyi si tagin gv tashi dumtw gvdo,This man is wearing a Tagin head gear
no hugu lokv ripak pa olo lokv rirap to,Start reading where you left off
no ho lokv ripak pa olo lokv rirap to,Start reading where you left off
alv manv hvmi gvribv rima bv kv,Stop acting like a spoiled child
alv manv home gvribv rima bv kv,Stop acting like a spoiled child
alv manv hvmi jabv rima bv kv,Stop acting like a spoiled child
alv manv home jabv rima bv kv,Stop acting like a spoiled child
alv manv hvmi gvribv riyo kv,Stop acting like a spoiled child
alv manv home gvribv riyo kv,Stop acting like a spoiled child
alv manv hvmi jabv riyo kv,Stop acting like a spoiled child
alv manv home jabv riyo kv,Stop acting like a spoiled child
mvnyum to no alv manv nyi jabv ridv laka,Stop it You're being ridiculous
mvnyum to no munv nyi jabv ridv laka,Stop it You're being ridiculous
mvnyum to no alv manv nyi gvri bv ridv laka,Stop it You're being ridiculous
mvnyum to no munv nyi gvri bv ridv laka,Stop it You're being ridiculous
mvnyum to no nyimu nv jabv ridv laka,Stop it You're being ridiculous
mvnyum to no nyimu nv gvri bv ridv laka,Stop it You're being ridiculous
mvnyum to no rugak nv jabv ridv laka,Stop it You're being ridiculous
mvnyum to no rugak nv gvri bv ridv laka,Stop it You're being ridiculous
mvnyum to no suru nv jabv ridv laka,Stop it You're being ridiculous
mvnyum to no suru nv gvri bv ridv laka,Stop it You're being ridiculous
mwwdwk matv la anyo go yubto,Stop worrying and get some sleep
mwwdwk matv la anyo go nyubto,Stop worrying and get some sleep
mwwdwk matv la anyo go yubla kv,Stop worrying and get some sleep
mwwdwk matv la anyo go nyubla kv,Stop worrying and get some sleep
hirya to! laam olo sudum aku doopa,Stop! There's a deer on the road
hirya to! lamda olo sudum aku doopa,Stop! There's a deer on the road
hirya to! laam olo sudum aku doodo,Stop! There's a deer on the road
hirya to! lamda olo sudum aku doodo,Stop! There's a deer on the road
hirya to! lampya olo sudum aku doopa,Stop! There's a deer on the road
hirya to! lampya olo sudum aku doopa,Stop! There's a deer on the road
hirya to! lampya olo sudum aku doodo,Stop! There's a deer on the road
hirya to! lampya olo sudum aku doodo,Stop! There's a deer on the road
hirya to! lamtv olo sudum aku doopa,Stop! There's a deer on the road
hirya to! lamtv olo sudum aku doopa,Stop! There's a deer on the road
hirya to! lamtv olo sudum aku doodo,Stop! There's a deer on the road
hirya to! lamtv olo sudum aku doodo,Stop! There's a deer on the road
hirya to! lau olo sudum aku doopa,Stop! There's a deer on the road
hirya to! lau olo sudum aku doopa,Stop! There's a deer on the road
hirya to! lau olo sudum aku doodo,Stop! There's a deer on the road
hirya to! lau olo sudum aku doodo,Stop! There's a deer on the road
yerak hvnam alv bv loodak lo hvtar duku,Stories often have happy endings
yerak paanam alv bv loodak lo hvtar duku,Stories often have happy endings
yerak paanam himpu bv loodak lo hvtar duku,Stories often have happy endings
hvbv rinam-paanam rima jvka alv pe,Such measures were not necessary
hvbv mvdu-mvmia mvma jvka alv pe,Such measures were not necessary
lampa la mwnww lait v ngabro ku,Suddenly all the lights went out
jemai-tai bv lait mwnww ngv ngero,Suddenly all the lights went out
jemai-tai bv lait mwnww ngv ngabro,Suddenly all the lights went out
lampa la mwlww lait v ngabro ku,Suddenly all the lights went out
jemai-tai bv lait mwlww ngv ngero,Suddenly all the lights went out
jemai-tai bv lait mwlww ngv ngabro,Suddenly all the lights went out
"lampa la, bw agam raaduu vm raav ro","Suddenly, he changed the subject"
"rijik bv, bw agam raaduu vm raav ro","Suddenly, he changed the subject"
"lampa la, bw raav ro","Suddenly, he changed the subject"
"lampa la, bw raadu vm raav ro","Suddenly, he changed the subject"
Donyi apu ngv kaangam nv apu do,Sunflowers are beautiful flowers
donyi apu ngv kaaking nv apu pv,Sunflowers are beautiful flowers
donyi apu ngv kaaken nv apu pv,Sunflowers are beautiful flowers
donyi apu ngv kaaking nv apu do,Sunflowers are beautiful flowers
donyi apu ngv kaaken nv apu do,Sunflowers are beautiful flowers
sinyik lo horsok nam achvlv bv sokpu do,Swimming in the sea is great fun
sinyik lo horsok nam achvlv bv goopu do,Swimming in the sea is great fun
sinyik lo horsok nam achvlv bv himpu do,Swimming in the sea is great fun
sinyik lo horsuk nam achvlv bv sokpu do,Swimming in the sea is great fun
sinyik lo horsuk nam achvlv bv goopu do,Swimming in the sea is great fun
sinyik lo horsuk nam achvlv bv himpu do,Swimming in the sea is great fun
sinyik lo huursi nam achvlv bv sokpu do,Swimming in the sea is great fun
sinyik lo huursi nam achvlv bv goopu do,Swimming in the sea is great fun
sinyik lo huursi nam achvlv bv himpu do,Swimming in the sea is great fun
sinyik lo jaanam achvlv bv goopu do,Swimming in the sea is great fun
sinyik lo jaanam achvlv bv himpu do,Swimming in the sea is great fun
seryok lo horsok nam achvlv bv sokpu do,Swimming in the sea is great fun
seryok lo horsok nam achvlv bv goopu do,Swimming in the sea is great fun
seryok lo horsok nam achvlv bv himpu do,Swimming in the sea is great fun
seryok lo horsuk nam achvlv bv sokpu do,Swimming in the sea is great fun
seryok lo horsuk nam achvlv bv goopu do,Swimming in the sea is great fun
seryok lo horsuk nam achvlv bv himpu do,Swimming in the sea is great fun
seryok lo huursi nam achvlv bv sokpu do,Swimming in the sea is great fun
seryok lo huursi nam achvlv bv goopu do,Swimming in the sea is great fun
seryok lo huursi nam achvlv bv himpu do,Swimming in the sea is great fun
seryok lo jaanam achvlv bv goopu do,Swimming in the sea is great fun
seryok lo jaanam achvlv bv himpu do,Swimming in the sea is great fun
haai lo horsok nam achvlv bv sokpu do,Swimming in the sea is great fun
haai lo horsok nam achvlv bv goopu do,Swimming in the sea is great fun
haai lo horsok nam achvlv bv himpu do,Swimming in the sea is great fun
haai lo horsuk nam achvlv bv sokpu do,Swimming in the sea is great fun
haai lo horsuk nam achvlv bv goopu do,Swimming in the sea is great fun
haai lo horsuk nam achvlv bv himpu do,Swimming in the sea is great fun
haai lo huursi nam achvlv bv sokpu do,Swimming in the sea is great fun
haai lo huursi nam achvlv bv goopu do,Swimming in the sea is great fun
haai lo huursi nam achvlv bv himpu do,Swimming in the sea is great fun
haai lo jaanam achvlv bv goopu do,Swimming in the sea is great fun
haai lo jaanam achvlv bv himpu do,Swimming in the sea is great fun
isi koro lo horsok nam achvlv bv sokpu do,Swimming in the sea is great fun
isi koro lo horsok nam achvlv bv goopu do,Swimming in the sea is great fun
isi koro lo horsok nam achvlv bv himpu do,Swimming in the sea is great fun
isi koro lo horsuk nam achvlv bv sokpu do,Swimming in the sea is great fun
isi koro lo horsuk nam achvlv bv goopu do,Swimming in the sea is great fun
isi koro lo horsuk nam achvlv bv himpu do,Swimming in the sea is great fun
isi koro lo huursi nam achvlv bv sokpu do,Swimming in the sea is great fun
isi koro lo huursi nam achvlv bv goopu do,Swimming in the sea is great fun
isi koro lo huursi nam achvlv bv himpu do,Swimming in the sea is great fun
isi koro lo jaanam achvlv bv goopu do,Swimming in the sea is great fun
isi koro lo jaanam achvlv bv himpu do,Swimming in the sea is great fun
isi jaanam ww lvga bv alv do,Swimming is good for your health
isi jaanam no gv ww lvga bv alv do,Swimming is good for your health
Suitjerlendv gwwda mwlww lo alv yachuk nv mooku v,Switzerland is the best country
Suitjerlendv gwwda mwlww lo alv yachuk nv mooku do,Switzerland is the best country
Suitjerlendv gwwda mwlwng lo alv yachuk nv mooku v,Switzerland is the best country
Suitjerlendv gwwda mwlwng lo alv yachuk nv mooku do,Switzerland is the best country
Suitjerlendv gwngda mwlww lo alv yachuk nv mooku v,Switzerland is the best country
Suitjerlendv gwngda mwlww lo alv yachuk nv mooku do,Switzerland is the best country
Suitjerlendv gwngda mwlwng lo alv yachuk nv mooku v,Switzerland is the best country
Suitjerlendv gwngda mwlwng lo alv yachuk nv mooku do,Switzerland is the best country
no kukis sim hwdw go naadu bv mwwdo naalai,Take as many cookies as you want
no kukis sim hwdw go naasu mwwdo naalai,Take as many cookies as you want
no pich apu sam hwdw go naadu bv mwwdo naalai,Take as many peaches as you like
no pich apu sam hwdw go naasu mwwdo naalai,Take as many peaches as you like
no kukis sim hvkam go naadu bv mwwdo naalai,Take as many cookies as you want
no kukis sim hvkam go naasu mwwdo naalai,Take as many cookies as you want
no pich apu sam hvkam go naadu bv mwwdo naalai,Take as many peaches as you like
no pich apu sam hvkam go naasu mwwdo naalai,Take as many peaches as you like
no pich apu sam hvkam go naadu bv mwwdo naalai,Take as many peaches as you want
no pich apu sam hvkam go naasu mwwdo naalai,Take as many peaches as you want
no kukis sim hwdw go naadu bv mwwdo naato,Take as many cookies as you want
no kukis sim hwdw go naasu mwwdo naato,Take as many cookies as you want
no pich apu sam hwdw go naadu bv mwwdo naato,Take as many peaches as you like
no pich apu sam hwdw go naasu mwwdo naato,Take as many peaches as you like
no kukis sim hvkam go naadu bv mwwdo naato,Take as many cookies as you want
no kukis sim hvkam go naasu mwwdo naato,Take as many cookies as you want
no pich apu sam hvkam go naadu bv mwwdo naato,Take as many peaches as you like
no pich apu sam hvkam go naasu mwwdo naato,Take as many peaches as you like
no pich apu sam hvkam go naadu bv mwwdo naato,Take as many peaches as you want
no pich apu sam hvkam go naasu mwwdo naato,Take as many peaches as you want
no kukis sim hwdw go naadu bv mwwdo naale,Take as many cookies as you want
no kukis sim hwdw go naasu mwwdo naale,Take as many cookies as you want
no pich apu sam hwdw go naadu bv mwwdo naale,Take as many peaches as you like
no pich apu sam hwdw go naasu mwwdo naale,Take as many peaches as you like
no kukis sim hvkam go naadu bv mwwdo naale,Take as many cookies as you want
no kukis sim hvkam go naasu mwwdo naale,Take as many cookies as you want
no pich apu sam hvkam go naadu bv mwwdo naale,Take as many peaches as you like
no pich apu sam hvkam go naasu mwwdo naale,Take as many peaches as you like
no pich apu sam hvkam go naadu bv mwwdo naale,Take as many peaches as you want
no pich apu sam hvkam go naasu mwwdo naale,Take as many peaches as you want
hvmi gwdw vm naam arw vvgv lai,Take the children into the house
home gwdw vm naam arw vvgv lai,Take the children into the house
hvmi gwdw vm naam arw vvgv to,Take the children into the house
hvmi gwdw vm naam arw vvgv to,Take the children into the house
hvmi gwdw vm naam arw vnggv lai,Take the children into the house
home gwdw vm naam arw vnggv lai,Take the children into the house
hvmi gwdw vm naam arw vnggv to,Take the children into the house
hvmi gwdw vm naam arw vnggv to,Take the children into the house
dobai sim achin dvma tw bv dvla na,Take this medicine between meals
dobai sim achin dvdw apo gv lvpa lo dvla na,Take this medicine between meals
no remin to rijik mvma jika alv re,Take your time There's no hurry
no apo pomin to rijik mvma jika alv re,Take your time there's no hurry
no doomin tvla rijik ma jika alv re,Take your time there's no hurry
miri rinam apo lo jabnam vm av-arv mwwpa do,Talking during a concert is rude
miri rinam apo lo jabnam vm ao-aro mwwpa do,Talking during a concert is rude
miri rinam apo lo jabnam vm akhv-arv mwwpa do,Talking during a concert is rude
miri ridw lo jabnam vm akhv-arv bv mwwdo,Talking during a concert is rude
miri ridw lo jabnam vm ao-aro bv mwwdo,Talking during a concert is rude
miri ridw lo jabnam vm av-arv bv mwwdo,Talking during a concert is rude
miri rinam apo lo jabnam vm asii-aa mwwpa do,Talking during a concert is rude
miri ridw lo jabnam vm asii-aa bv mwwdo,Talking during a concert is rude
miri rinam apo lo jabnam vm atu-are mwwpa do,Talking during a concert is rude
miri ridw lo jabnam vm atu-are bv mwwdo,Talking during a concert is rude
teksi bara poolo lookin lo ramcha re,Taxi fares will go up next month
Takar nyi minto ngo agam aku minre hvla,Tell Takar I'd like to talk to him
Takar nyi minto ngo agam aku jabre kv hvla,Tell Takar I'd like to talk to him
Takar nyi mintom lana ngo agam aku jabre kv hvla,Tell Takar I'd like to talk to him
Takar nyi mintam lana ngo agam aku jabre kv kvla,Tell Takar I'd like to talk to him
Takar nyi mintam lana ngo agam aku jabre hvla,Tell Takar I'd like to talk to him
Takar nyi mintom lana ngo agam aku jabre hvla,Tell Takar I'd like to talk to him
Takar nyi mintam lana ngo agam aku minre hvla,Tell Takar I'd like to talk to him
Takar nyi mintom lana ngo agam aku minre hvla,Tell Takar I'd like to talk to him
Takar nyi mintom lana ngo agam aku minre kv hvla,Tell Takar I'd like to talk to him
Takar nyi mintam lana ngo agam aku minre kv kvla,Tell Takar I'd like to talk to him
Takar nyi minto svlu nyi bw vm ringam tvkv hvla,Tell Takar he has to do that today
Takar nyi memto svlu nyi bw vm ringam tvkv hvla,Tell Takar he has to do that today
Takar nyi minto svlu nyi kaam vm ringam tvkv hvla,Tell Takar he has to do that today
Takar nyi minto svlu vm ringam pvlai hvla,Tell Takar he has to do that today
Takar nyi minto svlu nyi bw vm ringam pvlai hvla,Tell Takar he has to do that today
Takar nyi minto svlu nyi kaam vm ringam pvlai hvla,Tell Takar he has to do that today
Takar nyi minto svlu nyi bw vm mvngam tvkv hvla,Tell Takar he has to do that today
Takar nyi memto svlu nyi bw vm mvngam tvkv hvla,Tell Takar he has to do that today
Takar nyi minto svlu vm mvngam pvlai hvla,Tell Takar he has to do that today
Takar nyi minto svlu nyi bw vm mvngam pvlai hvla,Tell Takar he has to do that today
Takar nyi minto svlu nyi kaam vm mvngam tvkv hvla,Tell Takar he has to do that today
Takar nyi minto svlu nyi kaam vm mvngam pvlai hvla,Tell Takar he has to do that today
Takar nyi minto svlu nyi bw vm mvnya lakv hvla,Tell Takar he has to do that today
Takar nyi memto svlu nyi bw vm mvnya lakv hvla,Tell Takar he has to do that today
Takar nyi minto svlu vm mvnya pvlai hvla,Tell Takar he has to do that today
Takar nyi minto svlu nyi bw vm mvnya pvlai hvla,Tell Takar he has to do that today
Takar nyi minto svlu nyi kaam vm mvnya lakv hvla,Tell Takar he has to do that today
Takar nyi minto svlu nyi kaam vm mvnya pvlai hvla,Tell Takar he has to do that today
Takar nyi minto svlu nyi bw vm mvngam lakv hvla,Tell Takar he has to do that today
Takar nyi memto svlu nyi bw vm mvngam lakv hvla,Tell Takar he has to do that today
Takar nyi minto svlu nyi kaam vm mvngam lakv hvla,Tell Takar he has to do that today
Takar nyi minto svlu nyi bw vm ringam lakv hvla,Tell Takar he has to do that today
Takar nyi memto svlu nyi bw vm ringam lakv hvla,Tell Takar he has to do that today
Takar nyi minto svlu nyi kaam vm ringam lakv hvla,Tell Takar he has to do that today
Takar nyi minto svlu nyi bw vm mvnya lakv hvla,Tell Takar he has to do that today
Takar nyi memto svlu nyi bw vm mvnya lakv hvla,Tell Takar he has to do that today
Takar nyi minto svlu nyi kaam vm mvnya lakv hvla,Tell Takar he has to do that today
Takar nyi minto svlu nyi bw vm rinya lakv hvla,Tell Takar he has to do that today
Takar nyi memto svlu nyi bw vm rinya lakv hvla,Tell Takar he has to do that today
Takar nyi minto svlu nyi kaam vm rinya lakv hvla,Tell Takar he has to do that today
Takar nyi mintam lana ngo kol mvkur re kv hvla,Tell Takar that I'll call him back
Takar nyi mintom lana ngo kol mvkur re kv hvla,Tell Takar that I'll call him back
Takar nyi mentom lana ngo kol mvkur re kv hvla,Tell Takar that I'll call him back
Takar nyi mimpa lana ngo kol mvkur re kv hvla,Tell Takar that I'll call him back
Takar nyi minpa lana ngo kol mvkur re kv hvla,Tell Takar that I'll call him back
Takar nyi mempa lana ngo kol mvkur re kv hvla,Tell Takar that I'll call him back
Takar nyi menpa lana ngo kol mvkur re kv hvla,Tell Takar that I'll call him back
vm mintam to ngo horsok dvnv kv hvla,Tell her that I am taking a bath
vm mintom to ngo horsok dvnv kv hvla,Tell her that I am taking a bath
vm mintam to ngo huusri dvnv kv hvla,Tell her that I am taking a bath
vm mintom to ngo huursi dvnv kv hvla,Tell her that I am taking a bath
vm mentom to ngo horsok dvnv kv hvla,Tell her that I am taking a bath
vm mentom to ngo horsok dvnv kv hvla,Tell her that I am taking a bath
vm mentom to ngo huusri dvnv kv hvla,Tell her that I am taking a bath
vm mentom to ngo huursi dvnv kv hvla,Tell her that I am taking a bath
bw vm mintam to ngo horsok dvnv kv hvla,Tell her that I am taking a bath
bw vm mintom to ngo horsok dvnv kv hvla,Tell her that I am taking a bath
bw vm mintam to ngo huusri dvnv kv hvla,Tell her that I am taking a bath
bw vm mintom to ngo huursi dvnv kv hvla,Tell her that I am taking a bath
bw vm mentom to ngo horsok dvnv kv hvla,Tell her that I am taking a bath
bw vm mentom to ngo horsok dvnv kv hvla,Tell her that I am taking a bath
bw vm mentom to ngo huusri dvnv kv hvla,Tell her that I am taking a bath
bw vm mentom to ngo huursi dvnv kv hvla,Tell her that I am taking a bath
bw nyi mintam to ngo horsok dvnv kv hvla,Tell her that I am taking a bath
bw nyi mintom to ngo horsok dvnv kv hvla,Tell her that I am taking a bath
bw nyi mintam to ngo huusri dvnv kv hvla,Tell her that I am taking a bath
bw nyi mintom to ngo huursi dvnv kv hvla,Tell her that I am taking a bath
bw nyi mentom to ngo horsok dvnv kv hvla,Tell her that I am taking a bath
bw nyi mentom to ngo horsok dvnv kv hvla,Tell her that I am taking a bath
bw nyi mentom to ngo huusri dvnv kv hvla,Tell her that I am taking a bath
bw nyi mentom to ngo huursi dvnv kv hvla,Tell her that I am taking a bath
ngom mintom to sim hvkv mvri bv mvre,Tell me how to solve the problem
ngam mintam to sim hvkv mvri bv mvre,Tell me how to solve the problem
ngom mintam to sim hvkv mvri bv mvre,Tell me how to solve the problem
ngom mentom to sim hvkv mvri bv mvre,Tell me how to solve the problem
ngam mentom to sim hvkv mvri bv mvre,Tell me how to solve the problem
ngom mintom to sim hvkv mvri bv mvka re,Tell me how to solve the problem
ngam mintam to sim hvkv mvri bv mvka re,Tell me how to solve the problem
ngom mintam to sim hvkv mvri bv mvka re,Tell me how to solve the problem
ngom mentom to sim hvkv mvri bv mvka re,Tell me how to solve the problem
ngam mentom to sim hvkv mvri bv mvka re,Tell me how to solve the problem
ngom mintom to sim hvkv mvri bv mvka nyu re,Tell me how to solve the problem
ngam mintam to sim hvkv mvri bv mvka nyu re,Tell me how to solve the problem
ngom mintam to sim hvkv mvri bv mvka nyu re,Tell me how to solve the problem
ngom mentom to sim hvkv mvri bv mvka nyu re,Tell me how to solve the problem
ngam mentom to sim hvkv mvri bv mvka nyu re,Tell me how to solve the problem
sim hvkv mvri bv mvre ngom mintom to,Tell me how to solve the problem
sim hvkv mvri bv mvre ngam mintam to,Tell me how to solve the problem
sim hvkv mvri bv mvre ngom mintam to,Tell me how to solve the problem
sim hvkv mvri bv mvre ngom mentom to,Tell me how to solve the problem
sim hvkv mvri bv mvre ngam mentom to,Tell me how to solve the problem
sim hvkv mvri bv mvka re ngom mintom to,Tell me how to solve the problem
sim hvkv mvri bv mvka re ngam mintam to,Tell me how to solve the problem
sim hvkv mvri bv mvka re ngom mintam to,Tell me how to solve the problem
sim hvkv mvri bv mvka re ngom mentom to,Tell me how to solve the problem
sim hvkv mvri bv mvka re ngam mentom to,Tell me how to solve the problem
sim hvkv mvri bv mvka nyu re ngom mintom to,Tell me how to solve the problem
sim hvkv mvri bv mvka nyu re ngam mintam to,Tell me how to solve the problem
sim hvkv mvri bv mvka nyu re ngom mintam to,Tell me how to solve the problem
sim hvkv mvri bv mvka nyu re ngom mentom to,Tell me how to solve the problem
sim hvkv mvri bv mvka nyu re ngam mentom to,Tell me how to solve the problem
ngom mintom to sim hugvri bv mvdu bv hvla,Tell me how to solve the problem
ngom mintom to sim hugvri bv mvdu bv hvla,Tell me how to solve the problem
ngom mintom to sim hugvri bv mvdu bv hvla,Tell me how to solve the problem
ngam mintam to sim hugvri bv mvdu bv hvla,Tell me how to solve the problem
ngam mintam to sim hugvri bv mvdu bv hvla,Tell me how to solve the problem
ngam mintam to sim hugvri bv mvdu bv hvla,Tell me how to solve the problem
ngom mintam to sim hugvri bv mvdu bv hvla,Tell me how to solve the problem
ngom mintam to sim hugvri bv mvdu bv hvla,Tell me how to solve the problem
ngom mintam to sim hugvri bv mvdu bv hvla,Tell me how to solve the problem
ngom mentom to sim hugvri bv mvdu bv hvla,Tell me how to solve the problem
ngom mentom to sim hugvri bv mvdu bv hvla,Tell me how to solve the problem
ngom mentom to sim hugvri bv mvdu bv hvla,Tell me how to solve the problem
ngam mentom to sim hugvri bv mvdu bv hvla,Tell me how to solve the problem
ngam mentom to sim hugvri bv mvdu bv hvla,Tell me how to solve the problem
ngam mentom to sim hugvri bv mvdu bv hvla,Tell me how to solve the problem
ngom mintom to sim hugvri bv mvdv bv hvla,Tell me how to solve the problem
ngom mintom to sim hugvri bv mvdv bv hvla,Tell me how to solve the problem
ngom mintom to sim hugvri bv mvdv bv hvla,Tell me how to solve the problem
ngam mintam to sim hugvri bv mvdv bv hvla,Tell me how to solve the problem
ngam mintam to sim hugvri bv mvdv bv hvla,Tell me how to solve the problem
ngam mintam to sim hugvri bv mvdv bv hvla,Tell me how to solve the problem
ngom mintam to sim hugvri bv mvdv bv hvla,Tell me how to solve the problem
ngom mintam to sim hugvri bv mvdv bv hvla,Tell me how to solve the problem
ngom mintam to sim hugvri bv mvdv bv hvla,Tell me how to solve the problem
ngom mentom to sim hugvri bv mvdv bv hvla,Tell me how to solve the problem
ngom mentom to sim hugvri bv mvdv bv hvla,Tell me how to solve the problem
ngom mentom to sim hugvri bv mvdv bv hvla,Tell me how to solve the problem
ngam mentom to sim hugvri bv mvdv bv hvla,Tell me how to solve the problem
ngam mentom to sim hugvri bv mvdv bv hvla,Tell me how to solve the problem
ngam mentom to sim hugvri bv mvdv bv hvla,Tell me how to solve the problem
sim hugvri bv mvdv bv hvla ngom mintom to,Tell me how to solve the problem
sim hugvri bv mvdv bv hvla ngom mintom to,Tell me how to solve the problem
sim hugvri bv mvdv bv hvla ngom mintom to,Tell me how to solve the problem
sim hugvri bv mvdv bv hvla ngam mintam to,Tell me how to solve the problem
sim hugvri bv mvdv bv hvla ngam mintam to,Tell me how to solve the problem
sim hugvri bv mvdv bv hvla ngam mintam to,Tell me how to solve the problem
sim hugvri bv mvdv bv hvla ngom mintam to,Tell me how to solve the problem
sim hugvri bv mvdv bv hvla ngom mintam to,Tell me how to solve the problem
sim hugvri bv mvdv bv hvla ngom mintam to,Tell me how to solve the problem
sim hugvri bv mvdv bv hvla ngom mentom to,Tell me how to solve the problem
sim hugvri bv mvdv bv hvla ngom mentom to,Tell me how to solve the problem
sim hugvri bv mvdv bv hvla ngom mentom to,Tell me how to solve the problem
sim hugvri bv mvdv bv hvla ngam mentom to,Tell me how to solve the problem
sim hugvri bv mvdv bv hvla ngam mentom to,Tell me how to solve the problem
sim hugvri bv mvdv bv hvla ngam mentom to,Tell me how to solve the problem
ngom mintom to sim hvkv mvri bv mvdv bv hvla,Tell me how to solve the problem
ngom mintom to sim hvkv mvri bv mvdv bv hvla,Tell me how to solve the problem
ngom mintom to sim hvkv mvri bv mvdv bv hvla,Tell me how to solve the problem
ngam mintam to sim hvkv mvri bv mvdv bv hvla,Tell me how to solve the problem
ngam mintam to sim hvkv mvri bv mvdv bv hvla,Tell me how to solve the problem
ngam mintam to sim hvkv mvri bv mvdv bv hvla,Tell me how to solve the problem
ngom mintam to sim hvkv mvri bv mvdv bv hvla,Tell me how to solve the problem
ngom mintam to sim hvkv mvri bv mvdv bv hvla,Tell me how to solve the problem
ngom mintam to sim hvkv mvri bv mvdv bv hvla,Tell me how to solve the problem
ngom mentom to sim hvkv mvri bv mvdv bv hvla,Tell me how to solve the problem
ngom mentom to sim hvkv mvri bv mvdv bv hvla,Tell me how to solve the problem
ngom mentom to sim hvkv mvri bv mvdv bv hvla,Tell me how to solve the problem
ngam mentom to sim hvkv mvri bv mvdv bv hvla,Tell me how to solve the problem
ngam mentom to sim hvkv mvri bv mvdv bv hvla,Tell me how to solve the problem
ngam mentom to sim hvkv mvri bv mvdv bv hvla,Tell me how to solve the problem
ngom mintom to sim hvkv mvri bv mvdu bv hvla,Tell me how to solve the problem
ngom mintom to sim hvkv mvri bv mvdu bv hvla,Tell me how to solve the problem
ngom mintom to sim hvkv mvri bv mvdu bv hvla,Tell me how to solve the problem
ngam mintam to sim hvkv mvri bv mvdu bv hvla,Tell me how to solve the problem
ngam mintam to sim hvkv mvri bv mvdu bv hvla,Tell me how to solve the problem
ngam mintam to sim hvkv mvri bv mvdu bv hvla,Tell me how to solve the problem
ngom mintam to sim hvkv mvri bv mvdu bv hvla,Tell me how to solve the problem
ngom mintam to sim hvkv mvri bv mvdu bv hvla,Tell me how to solve the problem
ngom mintam to sim hvkv mvri bv mvdu bv hvla,Tell me how to solve the problem
ngom mentom to sim hvkv mvri bv mvdu bv hvla,Tell me how to solve the problem
ngom mentom to sim hvkv mvri bv mvdu bv hvla,Tell me how to solve the problem
ngom mentom to sim hvkv mvri bv mvdu bv hvla,Tell me how to solve the problem
ngam mentom to sim hvkv mvri bv mvdu bv hvla,Tell me how to solve the problem
ngam mentom to sim hvkv mvri bv mvdu bv hvla,Tell me how to solve the problem
ngam mentom to sim hvkv mvri bv mvdu bv hvla,Tell me how to solve the problem
sim hvkv mvri bv mvdu bv hvla ngom mintom to,Tell me how to solve the problem
sim hvkv mvri bv mvdu bv hvla ngom mintom to,Tell me how to solve the problem
sim hvkv mvri bv mvdu bv hvla ngom mintom to,Tell me how to solve the problem
sim hvkv mvri bv mvdu bv hvla ngam mintam to,Tell me how to solve the problem
sim hvkv mvri bv mvdu bv hvla ngam mintam to,Tell me how to solve the problem
sim hvkv mvri bv mvdu bv hvla ngam mintam to,Tell me how to solve the problem
sim hvkv mvri bv mvdu bv hvla ngom mintam to,Tell me how to solve the problem
sim hvkv mvri bv mvdu bv hvla ngom mintam to,Tell me how to solve the problem
sim hvkv mvri bv mvdu bv hvla ngom mintam to,Tell me how to solve the problem
sim hvkv mvri bv mvdu bv hvla ngom mentom to,Tell me how to solve the problem
sim hvkv mvri bv mvdu bv hvla ngom mentom to,Tell me how to solve the problem
sim hvkv mvri bv mvdu bv hvla ngom mentom to,Tell me how to solve the problem
sim hvkv mvri bv mvdu bv hvla ngam mentom to,Tell me how to solve the problem
sim hvkv mvri bv mvdu bv hvla ngam mentom to,Tell me how to solve the problem
sim hvkv mvri bv mvdu bv hvla ngam mentom to,Tell me how to solve the problem
sim hvkv mvri bv mvdv bv hvla ngom mintom to,Tell me how to solve the problem
sim hvkv mvri bv mvdv bv hvla ngom mintom to,Tell me how to solve the problem
sim hvkv mvri bv mvdv bv hvla ngom mintom to,Tell me how to solve the problem
sim hvkv mvri bv mvdv bv hvla ngam mintam to,Tell me how to solve the problem
sim hvkv mvri bv mvdv bv hvla ngam mintam to,Tell me how to solve the problem
sim hvkv mvri bv mvdv bv hvla ngam mintam to,Tell me how to solve the problem
sim hvkv mvri bv mvdv bv hvla ngom mintam to,Tell me how to solve the problem
sim hvkv mvri bv mvdv bv hvla ngom mintam to,Tell me how to solve the problem
sim hvkv mvri bv mvdv bv hvla ngom mintam to,Tell me how to solve the problem
sim hvkv mvri bv mvdv bv hvla ngom mentom to,Tell me how to solve the problem
sim hvkv mvri bv mvdv bv hvla ngom mentom to,Tell me how to solve the problem
sim hvkv mvri bv mvdv bv hvla ngom mentom to,Tell me how to solve the problem
sim hvkv mvri bv mvdv bv hvla ngam mentom to,Tell me how to solve the problem
sim hvkv mvri bv mvdv bv hvla ngam mentom to,Tell me how to solve the problem
sim hvkv mvri bv mvdv bv hvla ngam mentom to,Tell me how to solve the problem
ngom achwr gu atu kusi bv nw vm minka to,Tell me something about yourself
ngom achwr gu atu kusi bv nw vm menka to,Tell me something about yourself
ngam achwr gu atu kusi bv nw vm minka to,Tell me something about yourself
ngam achwr gu atu kusi bv nw vm menka to,Tell me something about yourself
ngom achwr go atu kusi bv nw vm minka to,Tell me something about yourself
ngom achwr go atu kusi bv nw vm menka to,Tell me something about yourself
ngam achwr go atu kusi bv nw vm minka to,Tell me something about yourself
ngam achwr go atu kusi bv nw vm menka to,Tell me something about yourself
ngom atu kusi bv nw vm no hugu mwwdv kv hvla mintam ka to,Tell me something about yourself
ngom atu kusi bv nw vm no hugu mwwdv kv hvla minka to,Tell me something about yourself
ngam atu kusi bv nw vm no hugu mwwdv kv hvla mintam ka to,Tell me something about yourself
ngam atu kusi bv nw vm no hugu mwwdv kv hvla minka to,Tell me something about yourself
ngom atu kusi bv nw vm no hugu mwwdv kv hvla mentom ka to,Tell me something about yourself
ngom atu kusi bv nw vm no hugu mwwdv kv hvla menka to,Tell me something about yourself
ngam atu kusi bv nw vm no hugu mwwdv kv hvla mentom ka to,Tell me something about yourself
ngam atu kusi bv nw vm no hugu mwwdv kv hvla menka to,Tell me something about yourself
ngom achwr gu atu kusi bv nw vm no hugu mwwdv kv hvla mintam ka to,Tell me something about yourself
ngom achwr gu atu kusi bv nw vm no hugu mwwdv kv hvla minka to,Tell me something about yourself
ngam achwr gu atu kusi bv nw vm no hugu mwwdv kv hvla mintam ka to,Tell me something about yourself
ngam achwr gu atu kusi bv nw vm no hugu mwwdv kv hvla minka to,Tell me something about yourself
ngom achwr gu atu kusi bv nw vm no hugu mwwdv kv hvla mentom ka to,Tell me something about yourself
ngom achwr gu atu kusi bv nw vm no hugu mwwdv kv hvla menka to,Tell me something about yourself
ngam achwr gu atu kusi bv nw vm no hugu mwwdv kv hvla mentom ka to,Tell me something about yourself
ngam achwr gu atu kusi bv nw vm no hugu mwwdv kv hvla menka to,Tell me something about yourself
ngom achwr go atu kusi bv nw vm no hugu mwwdv kv hvla mintam ka to,Tell me something about yourself
ngom achwr go atu kusi bv nw vm no hugu mwwdv kv hvla minka to,Tell me something about yourself
ngam achwr go atu kusi bv nw vm no hugu mwwdv kv hvla mintam ka to,Tell me something about yourself
ngam achwr go atu kusi bv nw vm no hugu mwwdv kv hvla minka to,Tell me something about yourself
ngom achwr go atu kusi bv nw vm no hugu mwwdv kv hvla mentom ka to,Tell me something about yourself
ngom achwr go atu kusi bv nw vm no hugu mwwdv kv hvla menka to,Tell me something about yourself
ngam achwr go atu kusi bv nw vm no hugu mwwdv kv hvla mentom ka to,Tell me something about yourself
ngam achwr go atu kusi bv nw vm no hugu mwwdv kv hvla menka to,Tell me something about yourself
no olo hugu bv vvdu bv mwwdo ngom mintam ka to,Tell me why you want to go there
no olo hog bv vvdu bv mwwdo ngom mintam ka to,Tell me why you want to go there
no olo hugu bv vvdv bv mwwdo ngom mintam ka to,Tell me why you want to go there
no olo hog bv vvdv bv mwwdo ngom mintam ka to,Tell me why you want to go there
no olo hugu bv vvdv bv mwwdo ngam mintam ka to,Tell me why you want to go there
no olo hog bv vvdv bv mwwdo ngam mintam ka to,Tell me why you want to go there
no olo hugu bv vvdu bv mwwdo ngom mintam to,Tell me why you want to go there
no olo hog bv vvdu bv mwwdo ngom mintam to,Tell me why you want to go there
no olo hugu bv vvdv bv mwwdo ngom mintam to,Tell me why you want to go there
no olo hog bv vvdv bv mwwdo ngom mintam to,Tell me why you want to go there
no olo hugu bv vvdv bv mwwdo ngam mintam to,Tell me why you want to go there
no olo hog bv vvdv bv mwwdo ngam mintam to,Tell me why you want to go there
no olo hugu bv vvdu bv mwwdo ngom mentom ka to,Tell me why you want to go there
no olo hog bv vvdu bv mwwdo ngom mentom ka to,Tell me why you want to go there
no olo hugu bv vvdv bv mwwdo ngom mentom ka to,Tell me why you want to go there
no olo hog bv vvdv bv mwwdo ngom mentom ka to,Tell me why you want to go there
no olo hugu bv vvdv bv mwwdo ngam mentom ka to,Tell me why you want to go there
no olo hog bv vvdv bv mwwdo ngam mentom ka to,Tell me why you want to go there
no olo hugu bv vvdu bv mwwdo ngom mentom to,Tell me why you want to go there
no olo hog bv vvdu bv mwwdo ngom mentom to,Tell me why you want to go there
no olo hugu bv vvdv bv mwwdo ngom mentom to,Tell me why you want to go there
no olo hog bv vvdv bv mwwdo ngom mentom to,Tell me why you want to go there
no olo hugu bv vvdv bv mwwdo ngam mentom to,Tell me why you want to go there
no olo hog bv vvdv bv mwwdo ngam mentom to,Tell me why you want to go there
am mvrnam si achvlv bv alv manv cham go,Telling lies is a very bad habit
am mvrnam si achvlv bv alv manv go,Telling lies is a very bad habit
agam ryabnam si achvlv bv alv manv cham go,Telling lies is a very bad habit
agam ryabnam si achvlv bv alv manv go,Telling lies is a very bad habit
am mvrnam si achvlv bv alv manv cham gu,Telling lies is a very bad habit
am mvrnam si achvlv bv alv manv gu,Telling lies is a very bad habit
agam ryabnam si achvlv bv alv manv cham gu,Telling lies is a very bad habit
agam ryabnam si achvlv bv alv manv gu,Telling lies is a very bad habit
poolv vrii si kaaria dvbv achvlv bv asoo nv anying pa,Ten years is a long time to wait
poolv vrii si kaaria dvbv achvlv bv asoo nv anying pa,Ten years is a long time to wait
poolv vrii si dooria dvbv achvlv bv asoo nv anying pa,Ten years is a long time to wait
poolv vrii si dooria dvbv achvlv bv asoo nv anying pa,Ten years is a long time to wait
vrii anying si kaaria dvbv achvlv bv asoo pa,Ten years is a long time to wait
vrii anying si dooria dvbv achvlv bv asoo pa,Ten years is a long time to wait
poolv vrii si hiria dvbv achvlv bv asoo nv anying pa,Ten years is a long time to wait
vrii anying si tuuria dvbv achvlv bv asoo pa,Ten years is a long time to wait
poolv vrii si tuuria dvbv achvlv bv asoo nv anying pa,Ten years is a long time to wait
Seluu sim rakji nam lvga bv umbonyi,Thank you for building this wall
suluu rakji nam sim lvga bv umbonyi,Thank you for building this wall
umbonyi suluu rakji nam lvga bv,Thank you for building this wall
ngom kol mvpu nam lvga bv umbonyi,Thank you for calling me on time
umbonyi ngom kol mvpu nam lvga bv,Thank you for calling me on time
ngam kol mvpu nam lvga bv umbonyi,Thank you for calling me on time
umbonyi ngam kol mvpu nam lvga bv,Thank you for calling me on time
"ngo gaari vm mvten nam lvga bv umbonyi,Takar","Thank you for fixing my car,Takar"
"ngo gaari vm mvtin nam lvga bv umbonyi,Takar","Thank you for fixing my car,Takar"
"Takar,ngo gaari vm mvten nam lvga bv umbonyi","Thank you for fixing my car,Takar"
"Umbonyi Takar, ngo gaari vm mvten nam lvga bv umbonyi","Thank you for fixing my car,Takar"
"Takar,ngo gaari vm mvtin nam lvga bv umbonyi","Thank you for fixing my car,Takar"
"Umbonyi Takar, ngo gaari vm mvtin nam lvga bv umbonyi","Thank you for fixing my car,Takar"
"ngo gaari vm mvten jinam lvga bv umbonyi,Takar","Thank you for fixing my car,Takar"
"ngo gaari vm mvtin jinam lvga bv umbonyi,Takar","Thank you for fixing my car,Takar"
"Takar,ngo gaari vm mvten jinam lvga bv umbonyi","Thank you for fixing my car,Takar"
"Umbonyi Takar, ngo gaari vm mvten jinam lvga bv umbonyi","Thank you for fixing my car,Takar"
"Takar,ngo gaari vm mvtin jinam lvga bv umbonyi","Thank you for fixing my car,Takar"
"Umbonyi Takar, ngo gaari vm mvtin jinam lvga bv umbonyi","Thank you for fixing my car,Takar"
Kristmas amen lvga bv umbonyi,Thank you for the Christmas gift
umbonyi kristmas amen lvga bv,Thank you for the Christmas gift
Kristmas amen jinam lvga bv umbonyi,Thank you for the Christmas gift
umbonyi kristmas amen jinam lvga bv,Thank you for the Christmas gift
anyiong nv amen jinam lvga bv umbonyi,Thank you for the wonderful gift
anyiong nv amen lvga bv umbonyi,Thank you for the wonderful gift
umbonyi anyiong nv amen jinam lvga bv,Thank you for the wonderful gift
alv yachuk nv amen jinam lvga bv umbonyi,Thank you for the wonderful gift
alv yachuk nv amen lvga bv umbonyi,Thank you for the wonderful gift
umbonyi alv yachuk nv amen jinam lvga bv,Thank you for the wonderful gift
dvpu nv achin dvgv nam lvga bv umbonyi,Thank you for the wonderful meal
dvpu nv achin lvga bv umbonyi,Thank you for the wonderful meal
umbonyi dvpu nv achin dvgv nam lvga bv,Thank you for the wonderful meal
dvpu yachuk nv achin dvgv nam lvga bv umbonyi,Thank you for the wonderful meal
dvpu yachuk nv achin lvga bv umbonyi,Thank you for the wonderful meal
umbonyi dvpu yachuk nv achin dvgv nam lvga bv,Thank you for the wonderful meal
doken nv achin dvgv nam lvga bv umbonyi,Thank you for the wonderful meal
doken nv achin lvga bv umbonyi,Thank you for the wonderful meal
umbonyi doken nv achin dvgv nam lvga bv,Thank you for the wonderful meal
doken yachuk nv achin dvgv nam lvga bv umbonyi,Thank you for the wonderful meal
doken yachuk nv achin lvga bv umbonyi,Thank you for the wonderful meal
umbonyi doken yachuk nv achin dvgv nam lvga bv,Thank you for the wonderful meal
dvken nv achin dvgv nam lvga bv umbonyi,Thank you for the wonderful meal
dvken nv achin lvga bv umbonyi,Thank you for the wonderful meal
umbonyi dvken nv achin dvgv nam lvga bv,Thank you for the wonderful meal
dvken yachuk nv achin dvgv nam lvga bv umbonyi,Thank you for the wonderful meal
dvken yachuk nv achin lvga bv umbonyi,Thank you for the wonderful meal
umbonyi dvken yachuk nv achin dvgv nam lvga bv,Thank you for the wonderful meal
dopiu nv achin dvgv nam lvga bv umbonyi,Thank you for the wonderful meal
dopiu nv achin lvga bv umbonyi,Thank you for the wonderful meal
umbonyi dopiu nv achin dvgv nam lvga bv,Thank you for the wonderful meal
dopiu yachuk nv achin dvgv nam lvga bv umbonyi,Thank you for the wonderful meal
dopiu yachuk nv achin lvga bv umbonyi,Thank you for the wonderful meal
umbonyi dopiu yachuk nv achin dvgv nam lvga bv,Thank you for the wonderful meal
dopu nv achin dvgv nam lvga bv umbonyi,Thank you for the wonderful meal
dopu nv achin lvga bv umbonyi,Thank you for the wonderful meal
umbonyi dopu nv achin dvgv nam lvga bv,Thank you for the wonderful meal
dopu yachuk nv achin dvgv nam lvga bv umbonyi,Thank you for the wonderful meal
dopu yachuk nv achin lvga bv umbonyi,Thank you for the wonderful meal
umbonyi dopu yachuk nv achin dvgv nam lvga bv,Thank you for the wonderful meal
dvngam nv achin dvgv nam lvga bv umbonyi,Thank you for the wonderful meal
dvngam nv achin lvga bv umbonyi,Thank you for the wonderful meal
umbonyi dvngam nv achin dvgv nam lvga bv,Thank you for the wonderful meal
dvngam yachuk nv achin dvgv nam lvga bv umbonyi,Thank you for the wonderful meal
dvngam yachuk nv achin lvga bv umbonyi,Thank you for the wonderful meal
umbonyi dvngam yachuk nv achin dvgv nam lvga bv,Thank you for the wonderful meal
doken janyu nv achin dvgv nam lvga bv umbonyi,Thank you for the wonderful meal
doken janyu nv achin lvga bv umbonyi,Thank you for the wonderful meal
umbonyi doken janyu nv achin dvgv nam lvga bv,Thank you for the wonderful meal
doken janyu nv achin dvgv nam lvga bv umbonyi,Thank you for the wonderful meal
doken janyu nv achin lvga bv umbonyi,Thank you for the wonderful meal
umbonyi doken janyu nv achin dvgv nam lvga bv,Thank you for the wonderful meal
dvngam janyu nv achin dvgv nam lvga bv umbonyi,Thank you for the wonderful meal
dvngam janyu nv achin lvga bv umbonyi,Thank you for the wonderful meal
umbonyi dvngam janyu nv achin dvgv nam lvga bv,Thank you for the wonderful meal
dopiu janyu nv achin dvgv nam lvga bv umbonyi,Thank you for the wonderful meal
dopiu janyu nv achin lvga bv umbonyi,Thank you for the wonderful meal
umbonyi dopiu janyu nv achin dvgv nam lvga bv,Thank you for the wonderful meal
dvken janyu nv achin dvgv nam lvga bv umbonyi,Thank you for the wonderful meal
dvken janyu nv achin lvga bv umbonyi,Thank you for the wonderful meal
umbonyi dvken janyu nv achin dvgv nam lvga bv,Thank you for the wonderful meal
dvpu janyu nv achin dvgv nam lvga bv umbonyi,Thank you for the wonderful meal
dvpu janyu nv achin lvga bv umbonyi,Thank you for the wonderful meal
umbonyi dvpu janyu nv achin dvgv nam lvga bv,Thank you for the wonderful meal
dopu janyu nv achin dvgv nam lvga bv umbonyi,Thank you for the wonderful meal
dopu janyu nv achin lvga bv umbonyi,Thank you for the wonderful meal
umbonyi dopu janyu nv achin dvgv nam lvga bv,Thank you for the wonderful meal
no gv chinsi nam lvga bv umbonyi,Thank you for your understanding
no mwwlak nam lvga bv umbonyi,Thank you for your understanding
no miyum nam lvga bv umbonyi,Thank you for your understanding
ngom mvdor nam lvga bv umbonyi kv,Thank you so much for helping me
ngom mvdor nam lvga bv umbonyi ka,Thank you so much for helping me
ngam mvdor nam lvga bv umbonyi kv,Thank you so much for helping me
ngam mvdor nam lvga bv umbonyi ka,Thank you so much for helping me
ngom chugu-daba nam lvga bv umbonyi kv,Thank you so much for helping me
ngom chugu-daba nam lvga bv umbonyi ka,Thank you so much for helping me
ngam chugu-daba nam lvga bv umbonyi kv,Thank you so much for helping me
ngam chugu-daba nam lvga bv umbonyi ka,Thank you so much for helping me
ngo gv ajin-abia bv rinam lvga bv umbonyi kv,Thank you so much for helping me
ngo gv ajin-abia bv rinam lvga bv umbonyi ka,Thank you so much for helping me
nga gv ajin-abia bv rinam lvga bv umbonyi kv,Thank you so much for helping me
nga gv ajin-abia bv rinam lvga bv umbonyi ka,Thank you so much for helping me
ngom ridor nam lvga bv umbonyi kv,Thank you so much for helping me
ngom ridor nam lvga bv umbonyi ka,Thank you so much for helping me
ngam ridor nam lvga bv umbonyi kv,Thank you so much for helping me
ngam ridor nam lvga bv umbonyi ka,Thank you so much for helping me
ngom rigv nam lvga bv umbonyi kv,Thank you so much for helping me
ngom rigv nam lvga bv umbonyi ka,Thank you so much for helping me
ngam rigv nam lvga bv umbonyi kv,Thank you so much for helping me
ngam rigv nam lvga bv umbonyi ka,Thank you so much for helping me
ngom regv nam lvga bv umbonyi kv,Thank you so much for helping me
ngom regv nam lvga bv umbonyi ka,Thank you so much for helping me
ngam regv nam lvga bv umbonyi kv,Thank you so much for helping me
ngam regv nam lvga bv umbonyi ka,Thank you so much for helping me
umbonyi kv ngom mvdor nam lvga bv,Thank you so much for helping me
umbonyi ka ngom mvdor nam lvga bv,Thank you so much for helping me
umbonyi kv ngam mvdor nam lvga bv,Thank you so much for helping me
umbonyi ka ngam mvdor nam lvga bv,Thank you so much for helping me
umbonyi kv ngom chugu-daba nam lvga bv,Thank you so much for helping me
umbonyi ka ngom chugu-daba nam lvga bv,Thank you so much for helping me
umbonyi kv ngam chugu-daba nam lvga bv,Thank you so much for helping me
umbonyi ka ngam chugu-daba nam lvga bv,Thank you so much for helping me
umbonyi kv ngo gv ajin-abia bv rinam lvga bv,Thank you so much for helping me
umbonyi ka ngo gv ajin-abia bv rinam lvga bv,Thank you so much for helping me
umbonyi kv nga gv ajin-abia bv rinam lvga bv,Thank you so much for helping me
umbonyi ka nga gv ajin-abia bv rinam lvga bv,Thank you so much for helping me
umbonyi kv ngom ridor nam lvga bv,Thank you so much for helping me
umbonyi ka ngom ridor nam lvga bv,Thank you so much for helping me
umbonyi kv ngam ridor nam lvga bv,Thank you so much for helping me
umbonyi ka ngam ridor nam lvga bv,Thank you so much for helping me
umbonyi kv ngom rigv nam lvga bv,Thank you so much for helping me
umbonyi ka ngom rigv nam lvga bv,Thank you so much for helping me
umbonyi kv ngam rigv nam lvga bv,Thank you so much for helping me
umbonyi ka ngam rigv nam lvga bv,Thank you so much for helping me
umbonyi kv ngom regv nam lvga bv,Thank you so much for helping me
umbonyi ka ngom regv nam lvga bv,Thank you so much for helping me
umbonyi kv ngam regv nam lvga bv,Thank you so much for helping me
umbonyi ka ngam regv nam lvga bv,Thank you so much for helping me
ngo gv gaari vm mvten nam lvga bv umbonyi,Thanks for helping me fix my car
ngo gv gaari vm mvtin nam lvga bv umbonyi,Thanks for helping me fix my car
umbonyi ngo gv gaari vm mvten nam lvga bv,Thanks for helping me fix my car
umbonyi ngo gv gaari vm mvtin nam lvga bv,Thanks for helping me fix my car
"nom umbonyi, no lvga bv ngo aapu bv aachi pa","Thanks to you, I arrived on time"
"no lvga bv ngo aapu bv aachi pa, nom umbonyi","Thanks to you, I arrived on time"
olo jampa ngv so jampa sim ka kai ya pa,That box is bigger than this one
olo jampa ngv so jampa sim ka paatv ya pa,That box is bigger than this one
olo jampa ngv so jampa sim ka hoodo ya pa,That box is bigger than this one
olo jampa ngv so jampa sim ka twtv ya pa,That box is bigger than this one
olo yachi gv dumpo achvlv bv dumtv pa,That child has a very large head
olo anya gv dumpo achvlv bv dumtv pa,That child has a very large head
olo yaaya gv dumpo achvlv bv dumtv pa,That child has a very large head
v kompani ngv maikrochip mvlin do,That company produces microchips
olo kompani ngv maikrochip mvlin do,That company produces microchips
v kompani ngv maikrochip ywrlin do,That company produces microchips
olo kompani ngv maikrochip ywrlin do,That company produces microchips
kompani bv maikrochip mvlin do,That company produces microchips
kompani bv maikrochip ywrlin do,That company produces microchips
bv Takar nyi mvma dvbv mvtar lama,That didn't stop Takar from trying
bv mvma dvbv Takar nyi mvtar lama,That didn't stop Takar from trying
bv mvku ma dvbv Takar nyi mvtar lama,That didn't stop Takar from trying
bv Takar nyi mvku ma dvbv mvtar lama,That didn't stop Takar from trying
bv Takar nyi mvma dvbv mvtor lama,That didn't stop Takar from trying
bv mvma dvbv Takar nyi mvtor lama,That didn't stop Takar from trying
bv mvku ma dvbv Takar nyi mvtor lama,That didn't stop Takar from trying
bv Takar nyi mvku ma dvbv mvtor lama,That didn't stop Takar from trying
bv ngo lvga bv hugu ka ma,That doesn't mean anything to me
bv ngo lvga bv hog ka ma,That doesn't mean anything to me
olo hotel v selv gv nwchi lo doopv,That hotel is very near the lake
olo hotel v selv gv nwchi lo doopa,That hotel is very near the lake
olo hotel v svlv gv nwchi lo doopv,That hotel is very near the lake
olo hotel v svlv gv nwchi lo doopa,That hotel is very near the lake
bv hotel v selv gv nwchi lo doopv,That hotel is very near the lake
bv hotel v selv gv nwchi lo doopa,That hotel is very near the lake
bv hotel v svlv gv nwchi lo doopv,That hotel is very near the lake
bv hotel v svlv gv nwchi lo doopa,That hotel is very near the lake
ho hotel v selv gv nwchi lo doopv,That hotel is very near the lake
ho hotel v selv gv nwchi lo doopa,That hotel is very near the lake
ho hotel v svlv gv nwchi lo doopv,That hotel is very near the lake
ho hotel v svlv gv nwchi lo doopa,That hotel is very near the lake
hotel tvv selv gv nwchi lo doopv,That hotel is very near the lake
hotel tvv selv gv nwchi lo doopa,That hotel is very near the lake
hotel tvv svlv gv nwchi lo doopv,That hotel is very near the lake
hotel tvv svlv gv nwchi lo doopa,That hotel is very near the lake
olo hotel lo achvlv bv dvkin nv achin jido,That hotel serves very good food
olo hotel lo achvlv bv dvken nv achin jido,That hotel serves very good food
olo hotel lo achvlv bv doken nv achin jido,That hotel serves very good food
olo hotel lo achvlv bv dvpu nv achin jido,That hotel serves very good food
olo hotel lo achvlv bv dopu nv achin jido,That hotel serves very good food
olo hotel lo achvlv bv dopiu nv achin jido,That hotel serves very good food
olo hotel lo achvlv bv dvpiu nv achin jido,That hotel serves very good food
hotel olo achvlv bv dvkin nv achin jido,That hotel serves very good food
hotel olo achvlv bv dvken nv achin jido,That hotel serves very good food
hotel olo achvlv bv doken nv achin jido,That hotel serves very good food
hotel olo achvlv bv dvpu nv achin jido,That hotel serves very good food
hotel olo achvlv bv dopu nv achin jido,That hotel serves very good food
hotel olo achvlv bv dopiu nv achin jido,That hotel serves very good food
hotel olo achvlv bv dvpiu nv achin jido,That hotel serves very good food
ho hotel lo achvlv bv dvkin nv achin jido,That hotel serves very good food
ho hotel lo achvlv bv dvken nv achin jido,That hotel serves very good food
ho hotel lo achvlv bv doken nv achin jido,That hotel serves very good food
ho hotel lo achvlv bv dvpu nv achin jido,That hotel serves very good food
ho hotel lo achvlv bv dopu nv achin jido,That hotel serves very good food
ho hotel lo achvlv bv dopiu nv achin jido,That hotel serves very good food
ho hotel lo achvlv bv dvpiu nv achin jido,That hotel serves very good food
bv hotel bolo achvlv bv dvkin nv achin jido,That hotel serves very good food
bv hotel bolo achvlv bv dvken nv achin jido,That hotel serves very good food
bv hotel bolo achvlv bv doken nv achin jido,That hotel serves very good food
bv hotel bolo achvlv bv dvpu nv achin jido,That hotel serves very good food
bv hotel bolo achvlv bv dopu nv achin jido,That hotel serves very good food
bv hotel bolo achvlv bv dopiu nv achin jido,That hotel serves very good food
bv hotel bolo achvlv bv dvpiu nv achin jido,That hotel serves very good food
tvv hotel tolo achvlv bv dvkin nv achin jido,That hotel serves very good food
tvv hotel tolo achvlv bv dvken nv achin jido,That hotel serves very good food
tvv hotel tolo achvlv bv doken nv achin jido,That hotel serves very good food
tvv hotel tolo achvlv bv dvpu nv achin jido,That hotel serves very good food
tvv hotel tolo achvlv bv dopu nv achin jido,That hotel serves very good food
tvv hotel tolo achvlv bv dopiu nv achin jido,That hotel serves very good food
tvv hotel tolo achvlv bv dvpiu nv achin jido,That hotel serves very good food
bww gv dookv naam bv kv,That is the house where he lives
bv na bww gv naam dookv,That is the house where he lives
ngo hvbv jeejv bv minma,That isn't actually what I meant
ngo jeejv bv hvbv minma,That isn't actually what I meant
hvbv yerak ngom achvlv bv tvpu mvji do,That kind of story appeals to me
hvbv yerak ngam achvlv bv tvpu mvji do,That kind of story appeals to me
"bv nom himpu mvdo, hv mari?","That makes you happy, doesn't it?"
"bv nom hempu mvdo, hv mari?","That makes you happy, doesn't it?"
bv nyii ngom atu gv amin jima,That man didn't give me his name
bv nyii ngam atu gv amin jima,That man didn't give me his name
olo nyii ngom atu gv amin jima,That man didn't give me his name
olo nyii ngam atu gv amin jima,That man didn't give me his name
olo nvvnv ngom alv bv risv pa,That medicine worked well for me
olo dobai ngom alv bv risv pa,That medicine worked well for me
olo nvvnv ngam alv bv risv pa,That medicine worked well for me
olo dobai ngam alv bv risv pa,That medicine worked well for me
olo nvvnv ngom alv bv kaam pa,That medicine worked well for me
olo dobai ngom alv bv kaam pa,That medicine worked well for me
olo nvvnv ngam alv bv kaam pa,That medicine worked well for me
olo dobai ngam alv bv kaam pa,That medicine worked well for me
olo dopam v kaam kama pa,That meeting was a waste of time
olo amin vm ngo mwwtar lama,That name doesn't ring any bells
olo amin vm ngo mwwtar lama kv,That name doesn't ring any bells
olo amin vm ngo mwwtwr lama,That name doesn't ring any bells
olo amin vm ngo mwwtwr lama kv,That name doesn't ring any bells
olo amen vm ngo mwwtar lama,That name doesn't ring any bells
olo amen vm ngo mwwtar lama kv,That name doesn't ring any bells
olo amen vm ngo mwwtwr lama,That name doesn't ring any bells